{
  "height": 489,
  "width": 205,
  "x": 242.34375,
  "y": 1933.296875
}